{
  "_imageDims": {
    "_width": 1280,
    "_height": 738
  },
  "_score": 0.981166422367096,
  "_classScore": 0.981166422367096,
  "_className": "",
  "_box": {
    "_x": 601.7604827880859,
    "_y": 48.136861096398306,
    "_width": 98.58978271484375,
    "_height": 170.32350613868843
  }
}